"id";"item";"key1";"key2";"key3";"key4";"key5";"key6";"key7";"key8";"key9";"key10";"key11";"key12";"key13";"key14";"key15";"key16";"key17";"key18";"key19";"key20";"key21";"key22";"key23";"key24";"key25";"key26";"key27";"key28";"key29";"key30"
1;"nwqii";"win";"undefined";"undefined";"undefined";"undefined";"undefined";"undefined";"undefined";"undefined";"undefined";"undefined";"undefined";"undefined";"undefined";"undefined";"undefined";"undefined";"undefined";"undefined";"undefined";"undefined";"undefined";"undefined";"undefined";"undefined";"undefined";"undefined";"undefined";"undefined";"undefined"
2;"htlue";"the";"hue";"lute";"let";"hut";"undefined";"undefined";"undefined";"undefined";"undefined";"undefined";"undefined";"undefined";"undefined";"undefined";"undefined";"undefined";"undefined";"undefined";"undefined";"undefined";"undefined";"undefined";"undefined";"undefined";"undefined";"undefined";"undefined";"undefined";"undefined"
3;"rlvui";"undefined";"undefined";"undefined";"undefined";"undefined";"undefined";"undefined";"undefined";"undefined";"undefined";"undefined";"undefined";"undefined";"undefined";"undefined";"undefined";"undefined";"undefined";"undefined";"undefined";"undefined";"undefined";"undefined";"undefined";"undefined";"undefined";"undefined";"undefined";"undefined";"undefined"
4;"kjgoe";"keg";"ego";"joke";"jog";"undefined";"undefined";"undefined";"undefined";"undefined";"undefined";"undefined";"undefined";"undefined";"undefined";"undefined";"undefined";"undefined";"undefined";"undefined";"undefined";"undefined";"undefined";"undefined";"undefined";"undefined";"undefined";"undefined";"undefined";"undefined";"undefined"
5;"gdwue";"due";"dew";"wed";"dug";"undefined";"undefined";"undefined";"undefined";"undefined";"undefined";"undefined";"undefined";"undefined";"undefined";"undefined";"undefined";"undefined";"undefined";"undefined";"undefined";"undefined";"undefined";"undefined";"undefined";"undefined";"undefined";"undefined";"undefined";"undefined";"undefined"
6;"fhhee";"fee";"undefined";"undefined";"undefined";"undefined";"undefined";"undefined";"undefined";"undefined";"undefined";"undefined";"undefined";"undefined";"undefined";"undefined";"undefined";"undefined";"undefined";"undefined";"undefined";"undefined";"undefined";"undefined";"undefined";"undefined";"undefined";"undefined";"undefined";"undefined";"undefined"
7;"txzia";"taxi";"tax";"zit";"undefined";"undefined";"undefined";"undefined";"undefined";"undefined";"undefined";"undefined";"undefined";"undefined";"undefined";"undefined";"undefined";"undefined";"undefined";"undefined";"undefined";"undefined";"undefined";"undefined";"undefined";"undefined";"undefined";"undefined";"undefined";"undefined";"undefined"
8;"lvfoa";"foal";"loaf";"oaf";"oval";"ova";"undefined";"undefined";"undefined";"undefined";"undefined";"undefined";"undefined";"undefined";"undefined";"undefined";"undefined";"undefined";"undefined";"undefined";"undefined";"undefined";"undefined";"undefined";"undefined";"undefined";"undefined";"undefined";"undefined";"undefined";"undefined"
9;"zspue";"sue";"use";"pus";"sup";"ups";"undefined";"undefined";"undefined";"undefined";"undefined";"undefined";"undefined";"undefined";"undefined";"undefined";"undefined";"undefined";"undefined";"undefined";"undefined";"undefined";"undefined";"undefined";"undefined";"undefined";"undefined";"undefined";"undefined";"undefined";"undefined"
10;"yhfee";"fee";"eye";"fey";"hey";"undefined";"undefined";"undefined";"undefined";"undefined";"undefined";"undefined";"undefined";"undefined";"undefined";"undefined";"undefined";"undefined";"undefined";"undefined";"undefined";"undefined";"undefined";"undefined";"undefined";"undefined";"undefined";"undefined";"undefined";"undefined";"undefined"
11;"fswua";"saw";"was";"undefined";"undefined";"undefined";"undefined";"undefined";"undefined";"undefined";"undefined";"undefined";"undefined";"undefined";"undefined";"undefined";"undefined";"undefined";"undefined";"undefined";"undefined";"undefined";"undefined";"undefined";"undefined";"undefined";"undefined";"undefined";"undefined";"undefined";"undefined"
12;"mzxeu";"emu";"undefined";"undefined";"undefined";"undefined";"undefined";"undefined";"undefined";"undefined";"undefined";"undefined";"undefined";"undefined";"undefined";"undefined";"undefined";"undefined";"undefined";"undefined";"undefined";"undefined";"undefined";"undefined";"undefined";"undefined";"undefined";"undefined";"undefined";"undefined";"undefined"
13;"yfsuo";"yous";"soy";"you";"undefined";"undefined";"undefined";"undefined";"undefined";"undefined";"undefined";"undefined";"undefined";"undefined";"undefined";"undefined";"undefined";"undefined";"undefined";"undefined";"undefined";"undefined";"undefined";"undefined";"undefined";"undefined";"undefined";"undefined";"undefined";"undefined";"undefined"
14;"dhsea";"ashed";"hades";"heads";"shade";"undefined";"undefined";"undefined";"undefined";"undefined";"undefined";"undefined";"undefined";"undefined";"undefined";"undefined";"undefined";"undefined";"undefined";"undefined";"undefined";"undefined";"undefined";"undefined";"undefined";"undefined";"undefined";"undefined";"undefined";"undefined";"undefined"
15;"pdfao";"fad";"ado";"pad";"oaf";"pod";"fop";"undefined";"undefined";"undefined";"undefined";"undefined";"undefined";"undefined";"undefined";"undefined";"undefined";"undefined";"undefined";"undefined";"undefined";"undefined";"undefined";"undefined";"undefined";"undefined";"undefined";"undefined";"undefined";"undefined";"undefined"
16;"xgyei";"undefined";"undefined";"undefined";"undefined";"undefined";"undefined";"undefined";"undefined";"undefined";"undefined";"undefined";"undefined";"undefined";"undefined";"undefined";"undefined";"undefined";"undefined";"undefined";"undefined";"undefined";"undefined";"undefined";"undefined";"undefined";"undefined";"undefined";"undefined";"undefined";"undefined"
17;"yxnoo";"onyx";"yon";"undefined";"undefined";"undefined";"undefined";"undefined";"undefined";"undefined";"undefined";"undefined";"undefined";"undefined";"undefined";"undefined";"undefined";"undefined";"undefined";"undefined";"undefined";"undefined";"undefined";"undefined";"undefined";"undefined";"undefined";"undefined";"undefined";"undefined";"undefined"
18;"fyfii";"iffy";"undefined";"undefined";"undefined";"undefined";"undefined";"undefined";"undefined";"undefined";"undefined";"undefined";"undefined";"undefined";"undefined";"undefined";"undefined";"undefined";"undefined";"undefined";"undefined";"undefined";"undefined";"undefined";"undefined";"undefined";"undefined";"undefined";"undefined";"undefined";"undefined"
19;"rzvio";"vizor";"undefined";"undefined";"undefined";"undefined";"undefined";"undefined";"undefined";"undefined";"undefined";"undefined";"undefined";"undefined";"undefined";"undefined";"undefined";"undefined";"undefined";"undefined";"undefined";"undefined";"undefined";"undefined";"undefined";"undefined";"undefined";"undefined";"undefined";"undefined";"undefined"
20;"btneo";"bone";"bent";"bet";"note";"tone";"eon";"one";"net";"ten";"toe";"not";"ton";"undefined";"undefined";"undefined";"undefined";"undefined";"undefined";"undefined";"undefined";"undefined";"undefined";"undefined";"undefined";"undefined";"undefined";"undefined";"undefined";"undefined";"undefined"
21;"bhdue";"bed";"deb";"bud";"dub";"hub";"hued";"due";"duh";"hue";"undefined";"undefined";"undefined";"undefined";"undefined";"undefined";"undefined";"undefined";"undefined";"undefined";"undefined";"undefined";"undefined";"undefined";"undefined";"undefined";"undefined";"undefined";"undefined";"undefined";"undefined"
22;"ytvoi";"ivy";"toy";"undefined";"undefined";"undefined";"undefined";"undefined";"undefined";"undefined";"undefined";"undefined";"undefined";"undefined";"undefined";"undefined";"undefined";"undefined";"undefined";"undefined";"undefined";"undefined";"undefined";"undefined";"undefined";"undefined";"undefined";"undefined";"undefined";"undefined";"undefined"
23;"slfua";"flu";"undefined";"undefined";"undefined";"undefined";"undefined";"undefined";"undefined";"undefined";"undefined";"undefined";"undefined";"undefined";"undefined";"undefined";"undefined";"undefined";"undefined";"undefined";"undefined";"undefined";"undefined";"undefined";"undefined";"undefined";"undefined";"undefined";"undefined";"undefined";"undefined"
24;"bgmau";"bag";"gab";"bug";"bum";"gum";"mug";"undefined";"undefined";"undefined";"undefined";"undefined";"undefined";"undefined";"undefined";"undefined";"undefined";"undefined";"undefined";"undefined";"undefined";"undefined";"undefined";"undefined";"undefined";"undefined";"undefined";"undefined";"undefined";"undefined";"undefined"
25;"hhwao";"hah";"whoa";"haw";"how";"who";"undefined";"undefined";"undefined";"undefined";"undefined";"undefined";"undefined";"undefined";"undefined";"undefined";"undefined";"undefined";"undefined";"undefined";"undefined";"undefined";"undefined";"undefined";"undefined";"undefined";"undefined";"undefined";"undefined";"undefined";"undefined"
26;"ccbee";"bee";"undefined";"undefined";"undefined";"undefined";"undefined";"undefined";"undefined";"undefined";"undefined";"undefined";"undefined";"undefined";"undefined";"undefined";"undefined";"undefined";"undefined";"undefined";"undefined";"undefined";"undefined";"undefined";"undefined";"undefined";"undefined";"undefined";"undefined";"undefined";"undefined"
27;"mjvea";"jam";"undefined";"undefined";"undefined";"undefined";"undefined";"undefined";"undefined";"undefined";"undefined";"undefined";"undefined";"undefined";"undefined";"undefined";"undefined";"undefined";"undefined";"undefined";"undefined";"undefined";"undefined";"undefined";"undefined";"undefined";"undefined";"undefined";"undefined";"undefined";"undefined"
28;"jyqaa";"jay";"undefined";"undefined";"undefined";"undefined";"undefined";"undefined";"undefined";"undefined";"undefined";"undefined";"undefined";"undefined";"undefined";"undefined";"undefined";"undefined";"undefined";"undefined";"undefined";"undefined";"undefined";"undefined";"undefined";"undefined";"undefined";"undefined";"undefined";"undefined";"undefined"
29;"kyteo";"toke";"yoke";"tyke";"key";"toe";"yet";"toy";"undefined";"undefined";"undefined";"undefined";"undefined";"undefined";"undefined";"undefined";"undefined";"undefined";"undefined";"undefined";"undefined";"undefined";"undefined";"undefined";"undefined";"undefined";"undefined";"undefined";"undefined";"undefined";"undefined"
30;"xjtou";"jot";"jut";"out";"tux";"undefined";"undefined";"undefined";"undefined";"undefined";"undefined";"undefined";"undefined";"undefined";"undefined";"undefined";"undefined";"undefined";"undefined";"undefined";"undefined";"undefined";"undefined";"undefined";"undefined";"undefined";"undefined";"undefined";"undefined";"undefined";"undefined"
31;"wfpeo";"foe";"few";"owe";"woe";"pew";"fop";"undefined";"undefined";"undefined";"undefined";"undefined";"undefined";"undefined";"undefined";"undefined";"undefined";"undefined";"undefined";"undefined";"undefined";"undefined";"undefined";"undefined";"undefined";"undefined";"undefined";"undefined";"undefined";"undefined";"undefined"
32;"shyue";"hues";"hes";"she";"hue";"hey";"sue";"use";"yes";"shy";"undefined";"undefined";"undefined";"undefined";"undefined";"undefined";"undefined";"undefined";"undefined";"undefined";"undefined";"undefined";"undefined";"undefined";"undefined";"undefined";"undefined";"undefined";"undefined";"undefined";"undefined"
33;"kjbui";"jib";"undefined";"undefined";"undefined";"undefined";"undefined";"undefined";"undefined";"undefined";"undefined";"undefined";"undefined";"undefined";"undefined";"undefined";"undefined";"undefined";"undefined";"undefined";"undefined";"undefined";"undefined";"undefined";"undefined";"undefined";"undefined";"undefined";"undefined";"undefined";"undefined"
34;"sxroa";"oars";"soar";"oar";"sax";"sox";"undefined";"undefined";"undefined";"undefined";"undefined";"undefined";"undefined";"undefined";"undefined";"undefined";"undefined";"undefined";"undefined";"undefined";"undefined";"undefined";"undefined";"undefined";"undefined";"undefined";"undefined";"undefined";"undefined";"undefined";"undefined"
35;"wrsai";"airs";"sari";"air";"wars";"raw";"war";"saw";"was";"sir";"undefined";"undefined";"undefined";"undefined";"undefined";"undefined";"undefined";"undefined";"undefined";"undefined";"undefined";"undefined";"undefined";"undefined";"undefined";"undefined";"undefined";"undefined";"undefined";"undefined";"undefined"
36;"rstai";"astir";"sitar";"stair";"undefined";"undefined";"undefined";"undefined";"undefined";"undefined";"undefined";"undefined";"undefined";"undefined";"undefined";"undefined";"undefined";"undefined";"undefined";"undefined";"undefined";"undefined";"undefined";"undefined";"undefined";"undefined";"undefined";"undefined";"undefined";"undefined";"undefined"
37;"pcqii";"undefined";"undefined";"undefined";"undefined";"undefined";"undefined";"undefined";"undefined";"undefined";"undefined";"undefined";"undefined";"undefined";"undefined";"undefined";"undefined";"undefined";"undefined";"undefined";"undefined";"undefined";"undefined";"undefined";"undefined";"undefined";"undefined";"undefined";"undefined";"undefined";"undefined"
38;"mthao";"math";"ham";"oath";"hat";"atom";"moat";"mat";"tam";"oat";"moth";"ohm";"hot";"tho";"tom";"undefined";"undefined";"undefined";"undefined";"undefined";"undefined";"undefined";"undefined";"undefined";"undefined";"undefined";"undefined";"undefined";"undefined";"undefined";"undefined"
39;"pxtii";"pit";"tip";"undefined";"undefined";"undefined";"undefined";"undefined";"undefined";"undefined";"undefined";"undefined";"undefined";"undefined";"undefined";"undefined";"undefined";"undefined";"undefined";"undefined";"undefined";"undefined";"undefined";"undefined";"undefined";"undefined";"undefined";"undefined";"undefined";"undefined";"undefined"
40;"mjvae";"jam";"undefined";"undefined";"undefined";"undefined";"undefined";"undefined";"undefined";"undefined";"undefined";"undefined";"undefined";"undefined";"undefined";"undefined";"undefined";"undefined";"undefined";"undefined";"undefined";"undefined";"undefined";"undefined";"undefined";"undefined";"undefined";"undefined";"undefined";"undefined";"undefined"
41;"mrhou";"humor";"undefined";"undefined";"undefined";"undefined";"undefined";"undefined";"undefined";"undefined";"undefined";"undefined";"undefined";"undefined";"undefined";"undefined";"undefined";"undefined";"undefined";"undefined";"undefined";"undefined";"undefined";"undefined";"undefined";"undefined";"undefined";"undefined";"undefined";"undefined";"undefined"
42;"sqxae";"axes";"sea";"axe";"sax";"sex";"undefined";"undefined";"undefined";"undefined";"undefined";"undefined";"undefined";"undefined";"undefined";"undefined";"undefined";"undefined";"undefined";"undefined";"undefined";"undefined";"undefined";"undefined";"undefined";"undefined";"undefined";"undefined";"undefined";"undefined";"undefined"
43;"ckcue";"cue";"undefined";"undefined";"undefined";"undefined";"undefined";"undefined";"undefined";"undefined";"undefined";"undefined";"undefined";"undefined";"undefined";"undefined";"undefined";"undefined";"undefined";"undefined";"undefined";"undefined";"undefined";"undefined";"undefined";"undefined";"undefined";"undefined";"undefined";"undefined";"undefined"
44;"thkio";"kith";"hit";"hot";"tho";"kit";"undefined";"undefined";"undefined";"undefined";"undefined";"undefined";"undefined";"undefined";"undefined";"undefined";"undefined";"undefined";"undefined";"undefined";"undefined";"undefined";"undefined";"undefined";"undefined";"undefined";"undefined";"undefined";"undefined";"undefined";"undefined"
45;"ffpau";"puff";"undefined";"undefined";"undefined";"undefined";"undefined";"undefined";"undefined";"undefined";"undefined";"undefined";"undefined";"undefined";"undefined";"undefined";"undefined";"undefined";"undefined";"undefined";"undefined";"undefined";"undefined";"undefined";"undefined";"undefined";"undefined";"undefined";"undefined";"undefined";"undefined"
46;"fjnia";"fain";"fan";"ani";"fin";"undefined";"undefined";"undefined";"undefined";"undefined";"undefined";"undefined";"undefined";"undefined";"undefined";"undefined";"undefined";"undefined";"undefined";"undefined";"undefined";"undefined";"undefined";"undefined";"undefined";"undefined";"undefined";"undefined";"undefined";"undefined";"undefined"
47;"fjwou";"undefined";"undefined";"undefined";"undefined";"undefined";"undefined";"undefined";"undefined";"undefined";"undefined";"undefined";"undefined";"undefined";"undefined";"undefined";"undefined";"undefined";"undefined";"undefined";"undefined";"undefined";"undefined";"undefined";"undefined";"undefined";"undefined";"undefined";"undefined";"undefined";"undefined"
48;"vhqee";"eve";"undefined";"undefined";"undefined";"undefined";"undefined";"undefined";"undefined";"undefined";"undefined";"undefined";"undefined";"undefined";"undefined";"undefined";"undefined";"undefined";"undefined";"undefined";"undefined";"undefined";"undefined";"undefined";"undefined";"undefined";"undefined";"undefined";"undefined";"undefined";"undefined"
49;"knkai";"akin";"ani";"kink";"ink";"kin";"undefined";"undefined";"undefined";"undefined";"undefined";"undefined";"undefined";"undefined";"undefined";"undefined";"undefined";"undefined";"undefined";"undefined";"undefined";"undefined";"undefined";"undefined";"undefined";"undefined";"undefined";"undefined";"undefined";"undefined";"undefined"
50;"hpcei";"epic";"ice";"chip";"chi";"hie";"hep";"pie";"hip";"undefined";"undefined";"undefined";"undefined";"undefined";"undefined";"undefined";"undefined";"undefined";"undefined";"undefined";"undefined";"undefined";"undefined";"undefined";"undefined";"undefined";"undefined";"undefined";"undefined";"undefined";"undefined"
51;"kxwoei";"woke";"owe";"woe";"wok";"undefined";"undefined";"undefined";"undefined";"undefined";"undefined";"undefined";"undefined";"undefined";"undefined";"undefined";"undefined";"undefined";"undefined";"undefined";"undefined";"undefined";"undefined";"undefined";"undefined";"undefined";"undefined";"undefined";"undefined";"undefined";"undefined"
52;"bfxiii";"fib";"fix";"undefined";"undefined";"undefined";"undefined";"undefined";"undefined";"undefined";"undefined";"undefined";"undefined";"undefined";"undefined";"undefined";"undefined";"undefined";"undefined";"undefined";"undefined";"undefined";"undefined";"undefined";"undefined";"undefined";"undefined";"undefined";"undefined";"undefined";"undefined"
53;"vrbuei";"bier";"vibe";"rube";"verb";"rib";"bur";"rub";"rive";"ire";"vie";"rue";"rev";"undefined";"undefined";"undefined";"undefined";"undefined";"undefined";"undefined";"undefined";"undefined";"undefined";"undefined";"undefined";"undefined";"undefined";"undefined";"undefined";"undefined";"undefined"
54;"snqeii";"sine";"ins";"sin";"undefined";"undefined";"undefined";"undefined";"undefined";"undefined";"undefined";"undefined";"undefined";"undefined";"undefined";"undefined";"undefined";"undefined";"undefined";"undefined";"undefined";"undefined";"undefined";"undefined";"undefined";"undefined";"undefined";"undefined";"undefined";"undefined";"undefined"
55;"fjsoea";"safe";"sea";"oafs";"sofa";"oaf";"foes";"foe";"undefined";"undefined";"undefined";"undefined";"undefined";"undefined";"undefined";"undefined";"undefined";"undefined";"undefined";"undefined";"undefined";"undefined";"undefined";"undefined";"undefined";"undefined";"undefined";"undefined";"undefined";"undefined";"undefined"
56;"cysaaa";"sac";"say";"undefined";"undefined";"undefined";"undefined";"undefined";"undefined";"undefined";"undefined";"undefined";"undefined";"undefined";"undefined";"undefined";"undefined";"undefined";"undefined";"undefined";"undefined";"undefined";"undefined";"undefined";"undefined";"undefined";"undefined";"undefined";"undefined";"undefined";"undefined"
57;"ymxeai";"exam";"axe";"aye";"yea";"aim";"may";"yam";"mix";"undefined";"undefined";"undefined";"undefined";"undefined";"undefined";"undefined";"undefined";"undefined";"undefined";"undefined";"undefined";"undefined";"undefined";"undefined";"undefined";"undefined";"undefined";"undefined";"undefined";"undefined";"undefined"
58;"rvcoui";"curio";"uric";"cur";"our";"undefined";"undefined";"undefined";"undefined";"undefined";"undefined";"undefined";"undefined";"undefined";"undefined";"undefined";"undefined";"undefined";"undefined";"undefined";"undefined";"undefined";"undefined";"undefined";"undefined";"undefined";"undefined";"undefined";"undefined";"undefined";"undefined"
59;"vxzaeo";"axe";"ova";"vex";"undefined";"undefined";"undefined";"undefined";"undefined";"undefined";"undefined";"undefined";"undefined";"undefined";"undefined";"undefined";"undefined";"undefined";"undefined";"undefined";"undefined";"undefined";"undefined";"undefined";"undefined";"undefined";"undefined";"undefined";"undefined";"undefined";"undefined"
60;"pngieu";"peg";"pine";"pie";"pen";"ping";"gin";"pig";"gnu";"gun";"pug";"nip";"pin";"pun";"undefined";"undefined";"undefined";"undefined";"undefined";"undefined";"undefined";"undefined";"undefined";"undefined";"undefined";"undefined";"undefined";"undefined";"undefined";"undefined";"undefined"
61;"ddpaou";"dado";"add";"dad";"ado";"pad";"odd";"dud";"pod";"duo";"undefined";"undefined";"undefined";"undefined";"undefined";"undefined";"undefined";"undefined";"undefined";"undefined";"undefined";"undefined";"undefined";"undefined";"undefined";"undefined";"undefined";"undefined";"undefined";"undefined";"undefined"
62;"cfboou";"cob";"cub";"fob";"boo";"coo";"undefined";"undefined";"undefined";"undefined";"undefined";"undefined";"undefined";"undefined";"undefined";"undefined";"undefined";"undefined";"undefined";"undefined";"undefined";"undefined";"undefined";"undefined";"undefined";"undefined";"undefined";"undefined";"undefined";"undefined";"undefined"
63;"gltiei";"legit";"gelt";"gel";"leg";"get";"lite";"tile";"lei";"lie";"tie";"let";"gilt";"lit";"undefined";"undefined";"undefined";"undefined";"undefined";"undefined";"undefined";"undefined";"undefined";"undefined";"undefined";"undefined";"undefined";"undefined";"undefined";"undefined";"undefined"
64;"ktkuiu";"kit";"undefined";"undefined";"undefined";"undefined";"undefined";"undefined";"undefined";"undefined";"undefined";"undefined";"undefined";"undefined";"undefined";"undefined";"undefined";"undefined";"undefined";"undefined";"undefined";"undefined";"undefined";"undefined";"undefined";"undefined";"undefined";"undefined";"undefined";"undefined";"undefined"
65;"yffeae";"aye";"yea";"fee";"eye";"fey";"undefined";"undefined";"undefined";"undefined";"undefined";"undefined";"undefined";"undefined";"undefined";"undefined";"undefined";"undefined";"undefined";"undefined";"undefined";"undefined";"undefined";"undefined";"undefined";"undefined";"undefined";"undefined";"undefined";"undefined";"undefined"
66;"xpyeoe";"pee";"eye";"epoxy";"expo";"yep";"pox";"pyx";"undefined";"undefined";"undefined";"undefined";"undefined";"undefined";"undefined";"undefined";"undefined";"undefined";"undefined";"undefined";"undefined";"undefined";"undefined";"undefined";"undefined";"undefined";"undefined";"undefined";"undefined";"undefined";"undefined"
67;"jdveai";"aide";"idea";"jade";"avid";"diva";"aid";"via";"jived";"dive";"vied";"die";"jive";"vie";"undefined";"undefined";"undefined";"undefined";"undefined";"undefined";"undefined";"undefined";"undefined";"undefined";"undefined";"undefined";"undefined";"undefined";"undefined";"undefined";"undefined"
68;"zclooo";"cool";"loco";"coo";"zoo";"undefined";"undefined";"undefined";"undefined";"undefined";"undefined";"undefined";"undefined";"undefined";"undefined";"undefined";"undefined";"undefined";"undefined";"undefined";"undefined";"undefined";"undefined";"undefined";"undefined";"undefined";"undefined";"undefined";"undefined";"undefined";"undefined"
69;"rjxuou";"our";"undefined";"undefined";"undefined";"undefined";"undefined";"undefined";"undefined";"undefined";"undefined";"undefined";"undefined";"undefined";"undefined";"undefined";"undefined";"undefined";"undefined";"undefined";"undefined";"undefined";"undefined";"undefined";"undefined";"undefined";"undefined";"undefined";"undefined";"undefined";"undefined"
70;"fvkaae";"fake";"undefined";"undefined";"undefined";"undefined";"undefined";"undefined";"undefined";"undefined";"undefined";"undefined";"undefined";"undefined";"undefined";"undefined";"undefined";"undefined";"undefined";"undefined";"undefined";"undefined";"undefined";"undefined";"undefined";"undefined";"undefined";"undefined";"undefined";"undefined";"undefined"
71;"jbzaiu";"jab";"jib";"undefined";"undefined";"undefined";"undefined";"undefined";"undefined";"undefined";"undefined";"undefined";"undefined";"undefined";"undefined";"undefined";"undefined";"undefined";"undefined";"undefined";"undefined";"undefined";"undefined";"undefined";"undefined";"undefined";"undefined";"undefined";"undefined";"undefined";"undefined"
72;"dhvoeo";"hoed";"dove";"doe";"ode";"hood";"hod";"hove";"hoe";"oho";"undefined";"undefined";"undefined";"undefined";"undefined";"undefined";"undefined";"undefined";"undefined";"undefined";"undefined";"undefined";"undefined";"undefined";"undefined";"undefined";"undefined";"undefined";"undefined";"undefined";"undefined"
73;"jqgaau";"aqua";"jag";"qua";"jug";"undefined";"undefined";"undefined";"undefined";"undefined";"undefined";"undefined";"undefined";"undefined";"undefined";"undefined";"undefined";"undefined";"undefined";"undefined";"undefined";"undefined";"undefined";"undefined";"undefined";"undefined";"undefined";"undefined";"undefined";"undefined";"undefined"
74;"dnquoo";"undo";"don";"nod";"dun";"duo";"undefined";"undefined";"undefined";"undefined";"undefined";"undefined";"undefined";"undefined";"undefined";"undefined";"undefined";"undefined";"undefined";"undefined";"undefined";"undefined";"undefined";"undefined";"undefined";"undefined";"undefined";"undefined";"undefined";"undefined";"undefined"
75;"nsfoao";"fans";"fan";"oafs";"sofa";"oaf";"soon";"son";"undefined";"undefined";"undefined";"undefined";"undefined";"undefined";"undefined";"undefined";"undefined";"undefined";"undefined";"undefined";"undefined";"undefined";"undefined";"undefined";"undefined";"undefined";"undefined";"undefined";"undefined";"undefined";"undefined"
76;"wzneiu";"wine";"new";"wen";"win";"undefined";"undefined";"undefined";"undefined";"undefined";"undefined";"undefined";"undefined";"undefined";"undefined";"undefined";"undefined";"undefined";"undefined";"undefined";"undefined";"undefined";"undefined";"undefined";"undefined";"undefined";"undefined";"undefined";"undefined";"undefined";"undefined"
77;"ykhuia";"haiku";"hay";"auk";"yak";"yuk";"undefined";"undefined";"undefined";"undefined";"undefined";"undefined";"undefined";"undefined";"undefined";"undefined";"undefined";"undefined";"undefined";"undefined";"undefined";"undefined";"undefined";"undefined";"undefined";"undefined";"undefined";"undefined";"undefined";"undefined";"undefined"
78;"pdtoua";"adopt";"toad";"ado";"pad";"tad";"atop";"auto";"oat";"apt";"pat";"tap";"pod";"dot";"duo";"pout";"opt";"pot";"top";"out";"put";"undefined";"undefined";"undefined";"undefined";"undefined";"undefined";"undefined";"undefined";"undefined";"undefined"
79;"glmeua";"gleam";"gale";"game";"ague";"age";"lame";"male";"meal";"ale";"lea";"gal";"lag";"alum";"maul";"lam";"glue";"gel";"leg";"gem";"meg";"mule";"elm";"emu";"glum";"lug";"gum";"mug";"undefined";"undefined";"undefined"
80;"pnriea";"rapine";"undefined";"undefined";"undefined";"undefined";"undefined";"undefined";"undefined";"undefined";"undefined";"undefined";"undefined";"undefined";"undefined";"undefined";"undefined";"undefined";"undefined";"undefined";"undefined";"undefined";"undefined";"undefined";"undefined";"undefined";"undefined";"undefined";"undefined";"undefined";"undefined"
81;"zzvuae";"undefined";"undefined";"undefined";"undefined";"undefined";"undefined";"undefined";"undefined";"undefined";"undefined";"undefined";"undefined";"undefined";"undefined";"undefined";"undefined";"undefined";"undefined";"undefined";"undefined";"undefined";"undefined";"undefined";"undefined";"undefined";"undefined";"undefined";"undefined";"undefined";"undefined"
82;"prkaou";"okra";"oak";"park";"ark";"auk";"oar";"par";"rap";"pork";"pour";"pro";"our";"undefined";"undefined";"undefined";"undefined";"undefined";"undefined";"undefined";"undefined";"undefined";"undefined";"undefined";"undefined";"undefined";"undefined";"undefined";"undefined";"undefined";"undefined"
83;"xtbuee";"beet";"bee";"tube";"bet";"but";"tub";"tee";"tux";"undefined";"undefined";"undefined";"undefined";"undefined";"undefined";"undefined";"undefined";"undefined";"undefined";"undefined";"undefined";"undefined";"undefined";"undefined";"undefined";"undefined";"undefined";"undefined";"undefined";"undefined";"undefined"
84;"rtkouo";"rook";"took";"root";"too";"rout";"tour";"rot";"tor";"our";"out";"rut";"undefined";"undefined";"undefined";"undefined";"undefined";"undefined";"undefined";"undefined";"undefined";"undefined";"undefined";"undefined";"undefined";"undefined";"undefined";"undefined";"undefined";"undefined";"undefined"
85;"ypwuio";"poi";"yip";"you";"yup";"undefined";"undefined";"undefined";"undefined";"undefined";"undefined";"undefined";"undefined";"undefined";"undefined";"undefined";"undefined";"undefined";"undefined";"undefined";"undefined";"undefined";"undefined";"undefined";"undefined";"undefined";"undefined";"undefined";"undefined";"undefined";"undefined"
86;"zfyiaa";"undefined";"undefined";"undefined";"undefined";"undefined";"undefined";"undefined";"undefined";"undefined";"undefined";"undefined";"undefined";"undefined";"undefined";"undefined";"undefined";"undefined";"undefined";"undefined";"undefined";"undefined";"undefined";"undefined";"undefined";"undefined";"undefined";"undefined";"undefined";"undefined";"undefined"
87;"spziii";"zips";"pis";"sip";"zip";"undefined";"undefined";"undefined";"undefined";"undefined";"undefined";"undefined";"undefined";"undefined";"undefined";"undefined";"undefined";"undefined";"undefined";"undefined";"undefined";"undefined";"undefined";"undefined";"undefined";"undefined";"undefined";"undefined";"undefined";"undefined";"undefined"
88;"pcjiaa";"pica";"cap";"undefined";"undefined";"undefined";"undefined";"undefined";"undefined";"undefined";"undefined";"undefined";"undefined";"undefined";"undefined";"undefined";"undefined";"undefined";"undefined";"undefined";"undefined";"undefined";"undefined";"undefined";"undefined";"undefined";"undefined";"undefined";"undefined";"undefined";"undefined"
89;"vnruie";"inure";"urine";"riven";"rein";"vein";"vine";"rive";"ire";"vie";"rune";"rue";"rev";"ruin";"run";"urn";"undefined";"undefined";"undefined";"undefined";"undefined";"undefined";"undefined";"undefined";"undefined";"undefined";"undefined";"undefined";"undefined";"undefined";"undefined"
90;"kjmaoi";"aim";"jam";"amok";"oak";"undefined";"undefined";"undefined";"undefined";"undefined";"undefined";"undefined";"undefined";"undefined";"undefined";"undefined";"undefined";"undefined";"undefined";"undefined";"undefined";"undefined";"undefined";"undefined";"undefined";"undefined";"undefined";"undefined";"undefined";"undefined";"undefined"
91;"jhbouo";"hobo";"hob";"hub";"job";"boo";"oho";"undefined";"undefined";"undefined";"undefined";"undefined";"undefined";"undefined";"undefined";"undefined";"undefined";"undefined";"undefined";"undefined";"undefined";"undefined";"undefined";"undefined";"undefined";"undefined";"undefined";"undefined";"undefined";"undefined";"undefined"
92;"ngfuie";"feign";"fine";"fie";"fen";"fungi";"fig";"fin";"fun";"gin";"gnu";"gun";"undefined";"undefined";"undefined";"undefined";"undefined";"undefined";"undefined";"undefined";"undefined";"undefined";"undefined";"undefined";"undefined";"undefined";"undefined";"undefined";"undefined";"undefined";"undefined"
93;"csroeu";"course";"source";"undefined";"undefined";"undefined";"undefined";"undefined";"undefined";"undefined";"undefined";"undefined";"undefined";"undefined";"undefined";"undefined";"undefined";"undefined";"undefined";"undefined";"undefined";"undefined";"undefined";"undefined";"undefined";"undefined";"undefined";"undefined";"undefined";"undefined";"undefined"
94;"crnuii";"incur";"uric";"cur";"ruin";"run";"urn";"undefined";"undefined";"undefined";"undefined";"undefined";"undefined";"undefined";"undefined";"undefined";"undefined";"undefined";"undefined";"undefined";"undefined";"undefined";"undefined";"undefined";"undefined";"undefined";"undefined";"undefined";"undefined";"undefined";"undefined"
95;"ngtbaoa";"bang";"baton";"boat";"tango";"gnat";"tang";"goat";"toga";"bong";"tong";"baa";"bag";"gab";"ban";"nab";"boa";"bat";"tab";"nag";"ago";"tag";"ant";"tan";"oat";"bog";"gob";"got";"tog";"not";"ton"
96;"zwtkaea";"awake";"tweak";"take";"teak";"wake";"weak";"zeta";"ate";"eat";"eta";"tea";"awe";"wet";"undefined";"undefined";"undefined";"undefined";"undefined";"undefined";"undefined";"undefined";"undefined";"undefined";"undefined";"undefined";"undefined";"undefined";"undefined";"undefined";"undefined"
97;"hnrmaau";"aura";"human";"harm";"aha";"ham";"man";"arm";"mar";"ram";"ran";"hum";"rum";"run";"urn";"undefined";"undefined";"undefined";"undefined";"undefined";"undefined";"undefined";"undefined";"undefined";"undefined";"undefined";"undefined";"undefined";"undefined";"undefined";"undefined"
98;"mtsvuau";"mast";"mats";"tams";"vast";"vats";"must";"smut";"mas";"mat";"tam";"sat";"vat";"sum";"undefined";"undefined";"undefined";"undefined";"undefined";"undefined";"undefined";"undefined";"undefined";"undefined";"undefined";"undefined";"undefined";"undefined";"undefined";"undefined";"undefined"
99;"cgpweuo";"coupe";"cope";"coup";"cue";"cog";"cop";"cow";"cup";"ego";"peg";"owe";"woe";"pew";"pug";"undefined";"undefined";"undefined";"undefined";"undefined";"undefined";"undefined";"undefined";"undefined";"undefined";"undefined";"undefined";"undefined";"undefined";"undefined";"undefined"
100;"ymxpaio";"myopia";"axiom";"mayo";"pixy";"aim";"amp";"map";"may";"yam";"pay";"yap";"imp";"mix";"poi";"yip";"mop";"pox";"pyx";"undefined";"undefined";"undefined";"undefined";"undefined";"undefined";"undefined";"undefined";"undefined";"undefined";"undefined";"undefined"
101;"jyjweui";"yew";"undefined";"undefined";"undefined";"undefined";"undefined";"undefined";"undefined";"undefined";"undefined";"undefined";"undefined";"undefined";"undefined";"undefined";"undefined";"undefined";"undefined";"undefined";"undefined";"undefined";"undefined";"undefined";"undefined";"undefined";"undefined";"undefined";"undefined";"undefined";"undefined"
102;"zvyfoai";"oaf";"via";"ova";"ivy";"undefined";"undefined";"undefined";"undefined";"undefined";"undefined";"undefined";"undefined";"undefined";"undefined";"undefined";"undefined";"undefined";"undefined";"undefined";"undefined";"undefined";"undefined";"undefined";"undefined";"undefined";"undefined";"undefined";"undefined";"undefined";"undefined"
103;"zxcdeeo";"cede";"codex";"code";"coed";"exec";"doze";"cod";"doc";"cox";"doe";"ode";"zed";"undefined";"undefined";"undefined";"undefined";"undefined";"undefined";"undefined";"undefined";"undefined";"undefined";"undefined";"undefined";"undefined";"undefined";"undefined";"undefined";"undefined";"undefined"
104;"qgtkiuu";"quit";"gut";"tug";"kit";"undefined";"undefined";"undefined";"undefined";"undefined";"undefined";"undefined";"undefined";"undefined";"undefined";"undefined";"undefined";"undefined";"undefined";"undefined";"undefined";"undefined";"undefined";"undefined";"undefined";"undefined";"undefined";"undefined";"undefined";"undefined";"undefined"
105;"rgnsaou";"groans";"organs";"sarong";"argon";"groan";"organ";"guano";"rang";"nags";"sang";"snag";"sago";"sugar";"rags";"arson";"roans";"sonar";"roan";"anus";"oars";"soar";"song";"rungs";"rung";"gnus";"guns";"snug";"sung";"rugs";"nous"
106;"vzrsoau";"savor";"oars";"soar";"ours";"sour";"oar";"ova";"our";"undefined";"undefined";"undefined";"undefined";"undefined";"undefined";"undefined";"undefined";"undefined";"undefined";"undefined";"undefined";"undefined";"undefined";"undefined";"undefined";"undefined";"undefined";"undefined";"undefined";"undefined";"undefined"
107;"hqxjooe";"hoe";"hex";"oho";"undefined";"undefined";"undefined";"undefined";"undefined";"undefined";"undefined";"undefined";"undefined";"undefined";"undefined";"undefined";"undefined";"undefined";"undefined";"undefined";"undefined";"undefined";"undefined";"undefined";"undefined";"undefined";"undefined";"undefined";"undefined";"undefined";"undefined"
108;"jlsbuia";"bails";"basil";"bail";"bias";"jabs";"albs";"labs";"slab";"jails";"jail";"ails";"sail";"jibs";"libs";"jab";"alb";"lab";"ail";"jib";"lib";"bus";"sub";"undefined";"undefined";"undefined";"undefined";"undefined";"undefined";"undefined";"undefined"
109;"ztmhiao";"matzoh";"math";"oath";"iota";"matzo";"atom";"moat";"moth";"omit";"ham";"hat";"aim";"mat";"tam";"oat";"him";"hit";"ohm";"hot";"tho";"zit";"tom";"undefined";"undefined";"undefined";"undefined";"undefined";"undefined";"undefined";"undefined"
110;"kmnveaa";"make";"knave";"maven";"amen";"mane";"mean";"name";"nave";"vane";"man";"van";"ken";"men";"undefined";"undefined";"undefined";"undefined";"undefined";"undefined";"undefined";"undefined";"undefined";"undefined";"undefined";"undefined";"undefined";"undefined";"undefined";"undefined";"undefined"
111;"nywduei";"widen";"wined";"dine";"wide";"unwed";"dune";"nude";"wend";"deny";"dewy";"windy";"wind";"wine";"die";"den";"end";"due";"dew";"wed";"dye";"din";"dun";"new";"wen";"yen";"yew";"win";"undefined";"undefined";"undefined"
112;"frkfeui";"fief";"fife";"fire";"rife";"riff";"ruff";"fie";"fer";"ref";"ire";"rue";"fir";"fur";"irk";"undefined";"undefined";"undefined";"undefined";"undefined";"undefined";"undefined";"undefined";"undefined";"undefined";"undefined";"undefined";"undefined";"undefined";"undefined";"undefined"
113;"yxqvaaa";"undefined";"undefined";"undefined";"undefined";"undefined";"undefined";"undefined";"undefined";"undefined";"undefined";"undefined";"undefined";"undefined";"undefined";"undefined";"undefined";"undefined";"undefined";"undefined";"undefined";"undefined";"undefined";"undefined";"undefined";"undefined";"undefined";"undefined";"undefined";"undefined";"undefined"
114;"ycdguoo";"goody";"good";"dogy";"cod";"doc";"cud";"cog";"coo";"coy";"dog";"god";"dug";"duo";"goo";"guy";"you";"undefined";"undefined";"undefined";"undefined";"undefined";"undefined";"undefined";"undefined";"undefined";"undefined";"undefined";"undefined";"undefined";"undefined"
115;"yqynuua";"quay";"any";"nay";"qua";"undefined";"undefined";"undefined";"undefined";"undefined";"undefined";"undefined";"undefined";"undefined";"undefined";"undefined";"undefined";"undefined";"undefined";"undefined";"undefined";"undefined";"undefined";"undefined";"undefined";"undefined";"undefined";"undefined";"undefined";"undefined";"undefined"
116;"pbpzaia";"papa";"baa";"pap";"zap";"pip";"zip";"undefined";"undefined";"undefined";"undefined";"undefined";"undefined";"undefined";"undefined";"undefined";"undefined";"undefined";"undefined";"undefined";"undefined";"undefined";"undefined";"undefined";"undefined";"undefined";"undefined";"undefined";"undefined";"undefined";"undefined"
117;"ldrvoei";"roiled";"oiled";"oldie";"drivel";"idler";"riled";"devil";"lived";"deli";"idle";"lied";"video";"diver";"drive";"dire";"ired";"ride";"dive";"vied";"older";"loved";"voled";"dole";"lode";"veld";"drove";"roved";"doer";"redo";"rode"
118;"nfmcioi";"coif";"foci";"coin";"icon";"info";"mini";"con";"fin";"ion";"undefined";"undefined";"undefined";"undefined";"undefined";"undefined";"undefined";"undefined";"undefined";"undefined";"undefined";"undefined";"undefined";"undefined";"undefined";"undefined";"undefined";"undefined";"undefined";"undefined";"undefined"
119;"gfyyaee";"age";"aye";"yea";"gay";"fee";"gee";"eye";"fey";"undefined";"undefined";"undefined";"undefined";"undefined";"undefined";"undefined";"undefined";"undefined";"undefined";"undefined";"undefined";"undefined";"undefined";"undefined";"undefined";"undefined";"undefined";"undefined";"undefined";"undefined";"undefined"
120;"jjpgooe";"goop";"ego";"peg";"jog";"goo";"undefined";"undefined";"undefined";"undefined";"undefined";"undefined";"undefined";"undefined";"undefined";"undefined";"undefined";"undefined";"undefined";"undefined";"undefined";"undefined";"undefined";"undefined";"undefined";"undefined";"undefined";"undefined";"undefined";"undefined";"undefined"
121;"sjskeuo";"jokes";"joke";"souse";"sues";"uses";"sue";"use";"undefined";"undefined";"undefined";"undefined";"undefined";"undefined";"undefined";"undefined";"undefined";"undefined";"undefined";"undefined";"undefined";"undefined";"undefined";"undefined";"undefined";"undefined";"undefined";"undefined";"undefined";"undefined";"undefined"
122;"zfcgaea";"face";"cage";"faze";"gaze";"ace";"age";"fez";"undefined";"undefined";"undefined";"undefined";"undefined";"undefined";"undefined";"undefined";"undefined";"undefined";"undefined";"undefined";"undefined";"undefined";"undefined";"undefined";"undefined";"undefined";"undefined";"undefined";"undefined";"undefined";"undefined"
123;"lngfeei";"feeling";"fleeing";"undefined";"undefined";"undefined";"undefined";"undefined";"undefined";"undefined";"undefined";"undefined";"undefined";"undefined";"undefined";"undefined";"undefined";"undefined";"undefined";"undefined";"undefined";"undefined";"undefined";"undefined";"undefined";"undefined";"undefined";"undefined";"undefined";"undefined";"undefined"
124;"zkgpoee";"geek";"pekoe";"keep";"peek";"poke";"gee";"eke";"pee";"keg";"ego";"peg";"undefined";"undefined";"undefined";"undefined";"undefined";"undefined";"undefined";"undefined";"undefined";"undefined";"undefined";"undefined";"undefined";"undefined";"undefined";"undefined";"undefined";"undefined";"undefined"
125;"pxddoai";"dado";"podia";"paid";"add";"dad";"aid";"ado";"pad";"did";"odd";"dip";"pod";"poi";"pox";"undefined";"undefined";"undefined";"undefined";"undefined";"undefined";"undefined";"undefined";"undefined";"undefined";"undefined";"undefined";"undefined";"undefined";"undefined";"undefined"
126;"gshwaee";"sewage";"ease";"wages";"ages";"sage";"wage";"awes";"gash";"hags";"shag";"swag";"wags";"haws";"wash";"gees";"ewes";"wees";"hews";"age";"sea";"awe";"hag";"gas";"sag";"wag";"ash";"has";"haw";"saw";"was"
127;"pzkguoi";"pig";"pug";"poi";"zip";"undefined";"undefined";"undefined";"undefined";"undefined";"undefined";"undefined";"undefined";"undefined";"undefined";"undefined";"undefined";"undefined";"undefined";"undefined";"undefined";"undefined";"undefined";"undefined";"undefined";"undefined";"undefined";"undefined";"undefined";"undefined";"undefined"
128;"zsdcuau";"cads";"scad";"cuds";"scud";"cad";"sac";"ads";"sad";"adz";"cud";"undefined";"undefined";"undefined";"undefined";"undefined";"undefined";"undefined";"undefined";"undefined";"undefined";"undefined";"undefined";"undefined";"undefined";"undefined";"undefined";"undefined";"undefined";"undefined";"undefined"
129;"hdpheou";"hoped";"hoed";"hued";"dope";"dupe";"hope";"doe";"ode";"due";"hod";"duh";"pod";"duo";"hoe";"hep";"hue";"huh";"hop";"undefined";"undefined";"undefined";"undefined";"undefined";"undefined";"undefined";"undefined";"undefined";"undefined";"undefined";"undefined"
130;"fzbsiee";"beefs";"beef";"bees";"fibs";"fezes";"fees";"seize";"fies";"size";"bee";"fib";"fee";"see";"fie";"fez";"ifs";"undefined";"undefined";"undefined";"undefined";"undefined";"undefined";"undefined";"undefined";"undefined";"undefined";"undefined";"undefined";"undefined";"undefined"
131;"hskkiau";"khakis";"khaki";"haiku";"auks";"husk";"ash";"has";"ask";"auk";"his";"ski";"undefined";"undefined";"undefined";"undefined";"undefined";"undefined";"undefined";"undefined";"undefined";"undefined";"undefined";"undefined";"undefined";"undefined";"undefined";"undefined";"undefined";"undefined";"undefined"
132;"wjybuuo";"buoy";"job";"bow";"boy";"buy";"joy";"you";"undefined";"undefined";"undefined";"undefined";"undefined";"undefined";"undefined";"undefined";"undefined";"undefined";"undefined";"undefined";"undefined";"undefined";"undefined";"undefined";"undefined";"undefined";"undefined";"undefined";"undefined";"undefined";"undefined"
133;"rjsjiiu";"iris";"sir";"undefined";"undefined";"undefined";"undefined";"undefined";"undefined";"undefined";"undefined";"undefined";"undefined";"undefined";"undefined";"undefined";"undefined";"undefined";"undefined";"undefined";"undefined";"undefined";"undefined";"undefined";"undefined";"undefined";"undefined";"undefined";"undefined";"undefined";"undefined"
134;"xtczuee";"exec";"cute";"cue";"cut";"tee";"tux";"undefined";"undefined";"undefined";"undefined";"undefined";"undefined";"undefined";"undefined";"undefined";"undefined";"undefined";"undefined";"undefined";"undefined";"undefined";"undefined";"undefined";"undefined";"undefined";"undefined";"undefined";"undefined";"undefined";"undefined"
135;"fvrtaiu";"fair";"fiat";"fart";"frat";"raft";"fruit";"rift";"turf";"far";"aft";"fat";"air";"via";"art";"rat";"tar";"vat";"fir";"fit";"fur";"rut";"undefined";"undefined";"undefined";"undefined";"undefined";"undefined";"undefined";"undefined";"undefined"
136;"ppctaoa";"papa";"coat";"taco";"pact";"atop";"cap";"act";"cat";"oat";"pap";"apt";"pat";"tap";"cop";"cot";"pop";"opt";"pot";"top";"undefined";"undefined";"undefined";"undefined";"undefined";"undefined";"undefined";"undefined";"undefined";"undefined";"undefined"
137;"wcvnuoa";"nova";"avow";"can";"caw";"van";"wan";"ova";"con";"cow";"now";"own";"won";"vow";"undefined";"undefined";"undefined";"undefined";"undefined";"undefined";"undefined";"undefined";"undefined";"undefined";"undefined";"undefined";"undefined";"undefined";"undefined";"undefined";"undefined"
138;"wtsxiau";"waist";"waits";"taxis";"axis";"wait";"taxi";"swat";"suit";"wist";"wits";"sat";"saw";"was";"sax";"tax";"wax";"its";"sit";"six";"wit";"tux";"undefined";"undefined";"undefined";"undefined";"undefined";"undefined";"undefined";"undefined";"undefined"
139;"vvkpaaa";"undefined";"undefined";"undefined";"undefined";"undefined";"undefined";"undefined";"undefined";"undefined";"undefined";"undefined";"undefined";"undefined";"undefined";"undefined";"undefined";"undefined";"undefined";"undefined";"undefined";"undefined";"undefined";"undefined";"undefined";"undefined";"undefined";"undefined";"undefined";"undefined";"undefined"
140;"gtjbuia";"bait";"abut";"tuba";"gait";"bag";"gab";"jab";"bat";"tab";"jag";"tag";"big";"bug";"jib";"bit";"but";"tub";"jig";"jug";"gut";"tug";"jut";"undefined";"undefined";"undefined";"undefined";"undefined";"undefined";"undefined";"undefined"
141;"tvwpoou";"pout";"too";"woo";"opt";"pot";"top";"out";"tow";"two";"wot";"vow";"put";"undefined";"undefined";"undefined";"undefined";"undefined";"undefined";"undefined";"undefined";"undefined";"undefined";"undefined";"undefined";"undefined";"undefined";"undefined";"undefined";"undefined";"undefined"
142;"qdnviea";"invade";"aide";"idea";"dean";"divan";"viand";"avid";"diva";"naive";"nave";"vane";"vain";"vined";"dine";"dive";"vied";"vend";"vein";"vine";"aid";"and";"ani";"via";"van";"die";"den";"end";"din";"vie";"undefined"
143;"psvmoau";"pumas";"vamps";"amps";"maps";"puma";"vamp";"soap";"mops";"sumo";"ovum";"sump";"umps";"opus";"soup";"amp";"map";"mas";"ova";"asp";"pas";"sap";"spa";"mop";"ump";"sum";"sop";"pus";"sup";"ups";"undefined"
144;"cldmeeo";"cede";"coled";"code";"coed";"clod";"cold";"come";"deem";"model";"meld";"dole";"lode";"demo";"dome";"mode";"mold";"mole";"cod";"doc";"led";"doe";"ode";"old";"mod";"eel";"lee";"elm";"undefined";"undefined";"undefined"
